Bulbasaur Ivysaur Grass,Poison https://img.pokemondb.net/artwork/large/bulbasaur.jpg
Ivysaur Venusaur Grass,Poison https://img.pokemondb.net/artwork/large/ivysaur.jpg
Venusaur - Grass,Poison https://img.pokemondb.net/artwork/large/venusaur.jpg
Charmander Charmeleon Fire https://img.pokemondb.net/artwork/large/charmander.jpg
Charmeleon Charizard Fire https://img.pokemondb.net/artwork/large/charmeleon.jpg
Charizard - Fire,Flying https://img.pokemondb.net/artwork/large/charizard.jpg
Squirtle Wartortle Water https://img.pokemondb.net/artwork/large/squirtle.jpg
Wartortle Blastoise Water https://img.pokemondb.net/artwork/large/wartortle.jpg
Blastoise - Water https://img.pokemondb.net/artwork/large/blastoise.jpg
Caterpie Metapod Bug https://img.pokemondb.net/artwork/large/caterpie.jpg
Metapod Butterfree Bug https://img.pokemondb.net/artwork/large/metapod.jpg
Butterfree - Bug,Flying https://img.pokemondb.net/artwork/large/butterfree.jpg
Weedle Kakuna Bug,Poison https://img.pokemondb.net/artwork/large/weedle.jpg
Kakuna Beedrill Bug,Poison https://img.pokemondb.net/artwork/large/kakuna.jpg
Beedrill - Bug,Poison https://img.pokemondb.net/artwork/large/beedrill.jpg
Pidgey Pidgeotto Normal,Flying https://img.pokemondb.net/artwork/large/pidgey.jpg
Pidgeotto Pidgeot Normal,Flying https://img.pokemondb.net/artwork/large/pidgeotto.jpg
Pidgeot - Normal,Flying https://img.pokemondb.net/artwork/large/pidgeot.jpg
Rattata Raticate Normal https://img.pokemondb.net/artwork/large/rattata.jpg
Raticate - Normal https://img.pokemondb.net/artwork/large/raticate.jpg
Spearow Fearow Normal,Flying https://img.pokemondb.net/artwork/large/spearow.jpg
Fearow - Normal,Flying https://img.pokemondb.net/artwork/large/fearow.jpg
Ekans Arbok Poison https://img.pokemondb.net/artwork/large/ekans.jpg
Arbok - Poison https://img.pokemondb.net/artwork/large/arbok.jpg
Pikachu Raichu Electric https://img.pokemondb.net/artwork/large/pikachu.jpg
Raichu - Electric https://img.pokemondb.net/artwork/large/raichu.jpg
Sandshrew Sandslash Ground https://img.pokemondb.net/artwork/large/sandshrew.jpg
Sandslash - Ground https://img.pokemondb.net/artwork/large/sandslash.jpg
Nidoran♀ Nidorina Poison https://img.pokemondb.net/artwork/large/nidoran-f.jpg
Nidorina Nidoqueen Poison https://img.pokemondb.net/artwork/large/nidorina.jpg
Nidoqueen - Poison,Ground https://img.pokemondb.net/artwork/large/nidoqueen.jpg
Nidoran♂ Nidorino Poison https://img.pokemondb.net/artwork/large/nidoran-m.jpg
Nidorino Nidoking Poison https://img.pokemondb.net/artwork/large/nidorino.jpg
Nidoking - Poison,Ground https://img.pokemondb.net/artwork/large/nidoking.jpg
Clefairy Clefable Fairy https://img.pokemondb.net/artwork/large/clefairy.jpg
Clefable - Fairy https://img.pokemondb.net/artwork/large/clefable.jpg
Vulpix Ninetales Fire https://img.pokemondb.net/artwork/large/vulpix.jpg
Ninetales - Fire https://img.pokemondb.net/artwork/large/ninetales.jpg
Jigglypuff Wigglytuff Normal,Fairy https://img.pokemondb.net/artwork/large/jigglypuff.jpg
Wigglytuff - Normal,Fairy https://img.pokemondb.net/artwork/large/wigglytuff.jpg
Zubat Golbat Poison,Flying https://img.pokemondb.net/artwork/large/zubat.jpg
Golbat Crobat Poison,Flying https://img.pokemondb.net/artwork/large/golbat.jpg
Oddish Gloom Grass,Poison https://img.pokemondb.net/artwork/large/oddish.jpg
Gloom Vileplume/Bellossom Grass,Poison https://img.pokemondb.net/artwork/large/gloom.jpg
Vileplume - Grass,Poison https://img.pokemondb.net/artwork/large/vileplume.jpg
Paras Parasect Bug,Grass https://img.pokemondb.net/artwork/large/paras.jpg
Parasect - Bug,Grass https://img.pokemondb.net/artwork/large/parasect.jpg
Venonat Venomoth Bug,Poison https://img.pokemondb.net/artwork/large/venonat.jpg
Venomoth - Bug,Poison https://img.pokemondb.net/artwork/large/venomoth.jpg
Diglett Dugtrio Ground https://img.pokemondb.net/artwork/large/diglett.jpg
Dugtrio - Ground https://img.pokemondb.net/artwork/large/dugtrio.jpg
Meowth Persian/Perrserker Normal https://img.pokemondb.net/artwork/large/meowth.jpg
Persian - Normal https://img.pokemondb.net/artwork/large/persian.jpg
Psyduck Golduck Water https://img.pokemondb.net/artwork/large/psyduck.jpg
Golduck - Water https://img.pokemondb.net/artwork/large/golduck.jpg
Mankey Primeape Fighting https://img.pokemondb.net/artwork/large/mankey.jpg
Primeape Annihilape Fighting https://img.pokemondb.net/artwork/large/primeape.jpg
Growlithe Arcanine Fire https://img.pokemondb.net/artwork/large/growlithe.jpg
Arcanine - Fire https://img.pokemondb.net/artwork/large/arcanine.jpg
Poliwag Poliwhirl Water https://img.pokemondb.net/artwork/large/poliwag.jpg
Poliwhirl Poliwrath/Politoed Water https://img.pokemondb.net/artwork/large/poliwhirl.jpg
Poliwrath - Water,Fighting https://img.pokemondb.net/artwork/large/poliwrath.jpg
Abra Kadabra Psychic https://img.pokemondb.net/artwork/large/abra.jpg
Kadabra Alakazam Psychic https://img.pokemondb.net/artwork/large/kadabra.jpg
Alakazam - Psychic https://img.pokemondb.net/artwork/large/alakazam.jpg
Machop Machoke Fighting https://img.pokemondb.net/artwork/large/machop.jpg
Machoke Machamp Fighting https://img.pokemondb.net/artwork/large/machoke.jpg
Machamp - Fighting https://img.pokemondb.net/artwork/large/machamp.jpg
Bellsprout Weepinbell Grass,Poison https://img.pokemondb.net/artwork/large/bellsprout.jpg
Weepinbell Victreebel Grass,Poison https://img.pokemondb.net/artwork/large/weepinbell.jpg
Victreebel - Grass,Poison https://img.pokemondb.net/artwork/large/victreebel.jpg
Tentacool Tentacruel Water,Poison https://img.pokemondb.net/artwork/large/tentacool.jpg
Tentacruel - Water,Poison https://img.pokemondb.net/artwork/large/tentacruel.jpg
Geodude Graveler Rock,Ground https://img.pokemondb.net/artwork/large/geodude.jpg
Graveler Golem Rock,Ground https://img.pokemondb.net/artwork/large/graveler.jpg
Golem - Rock,Ground https://img.pokemondb.net/artwork/large/golem.jpg
Ponyta Rapidash Fire https://img.pokemondb.net/artwork/large/ponyta.jpg
Rapidash - Fire https://img.pokemondb.net/artwork/large/rapidash.jpg
Slowpoke Slowbro/Slowking Water,Psychic https://img.pokemondb.net/artwork/large/slowpoke.jpg
Slowbro - Water,Psychic https://img.pokemondb.net/artwork/large/slowbro.jpg
Magnemite Magneton Electric,Steel https://img.pokemondb.net/artwork/large/magnemite.jpg
Magneton Magnezone Electric,Steel https://img.pokemondb.net/artwork/large/magneton.jpg
Farfetch'd Sirfetch'd Normal,Flying https://img.pokemondb.net/artwork/large/farfetchd.jpg
Doduo Dodrio Normal,Flying https://img.pokemondb.net/artwork/large/doduo.jpg
Dodrio - Normal,Flying https://img.pokemondb.net/artwork/large/dodrio.jpg
Seel Dewgong Water https://img.pokemondb.net/artwork/large/seel.jpg
Dewgong - Water,Ice https://img.pokemondb.net/artwork/large/dewgong.jpg
Grimer Muk Poison https://img.pokemondb.net/artwork/large/grimer.jpg
Muk - Poison https://img.pokemondb.net/artwork/large/muk.jpg
Shellder Cloyster Water https://img.pokemondb.net/artwork/large/shellder.jpg
Cloyster - Water,Ice https://img.pokemondb.net/artwork/large/cloyster.jpg
Gastly Haunter Ghost,Poison https://img.pokemondb.net/artwork/large/gastly.jpg
Haunter Gengar Ghost,Poison https://img.pokemondb.net/artwork/large/haunter.jpg
Gengar - Ghost,Poison https://img.pokemondb.net/artwork/large/gengar.jpg
Onix Steelix Rock,Ground https://img.pokemondb.net/artwork/large/onix.jpg
Drowzee Hypno Psychic https://img.pokemondb.net/artwork/large/drowzee.jpg
Hypno - Psychic https://img.pokemondb.net/artwork/large/hypno.jpg
Krabby Kingler Water https://img.pokemondb.net/artwork/large/krabby.jpg
Kingler - Water https://img.pokemondb.net/artwork/large/kingler.jpg
Voltorb Electrode Electric https://img.pokemondb.net/artwork/large/voltorb.jpg
Electrode - Electric https://img.pokemondb.net/artwork/large/electrode.jpg
Exeggcute Exeggutor Grass,Psychic https://img.pokemondb.net/artwork/large/exeggcute.jpg
Exeggutor - Grass,Psychic https://img.pokemondb.net/artwork/large/exeggutor.jpg
Cubone Marowak Ground https://img.pokemondb.net/artwork/large/cubone.jpg
Marowak - Ground https://img.pokemondb.net/artwork/large/marowak.jpg
Hitmonlee - Fighting https://img.pokemondb.net/artwork/large/hitmonlee.jpg
Hitmonchan - Fighting https://img.pokemondb.net/artwork/large/hitmonchan.jpg
Lickitung Lickilicky Normal https://img.pokemondb.net/artwork/large/lickitung.jpg
Koffing Weezing Poison https://img.pokemondb.net/artwork/large/koffing.jpg
Weezing - Poison https://img.pokemondb.net/artwork/large/weezing.jpg
Rhyhorn Rhydon Ground,Rock https://img.pokemondb.net/artwork/large/rhyhorn.jpg
Rhydon Rhyperior Ground,Rock https://img.pokemondb.net/artwork/large/rhydon.jpg
Chansey Blissey Normal https://img.pokemondb.net/artwork/large/chansey.jpg
Tangela Tangrowth Grass https://img.pokemondb.net/artwork/large/tangela.jpg
Kangaskhan - Normal https://img.pokemondb.net/artwork/large/kangaskhan.jpg
Horsea Seadra Water https://img.pokemondb.net/artwork/large/horsea.jpg
Seadra Kingdra Water https://img.pokemondb.net/artwork/large/seadra.jpg
Goldeen Seaking Water https://img.pokemondb.net/artwork/large/goldeen.jpg
Seaking - Water https://img.pokemondb.net/artwork/large/seaking.jpg
Staryu Starmie Water https://img.pokemondb.net/artwork/large/staryu.jpg
Starmie - Water,Psychic https://img.pokemondb.net/artwork/large/starmie.jpg
Mr._Mime Mr._Rime Psychic,Fairy https://img.pokemondb.net/artwork/large/mr-mime.jpg
Scyther Scizor/Kleavor Bug,Flying https://img.pokemondb.net/artwork/large/scyther.jpg
Jynx - Ice,Psychic https://img.pokemondb.net/artwork/large/jynx.jpg
Electabuzz Electivire Electric https://img.pokemondb.net/artwork/large/electabuzz.jpg
Magmar Magmortar Fire https://img.pokemondb.net/artwork/large/magmar.jpg
Pinsir - Bug https://img.pokemondb.net/artwork/large/pinsir.jpg
Tauros - Normal https://img.pokemondb.net/artwork/large/tauros.jpg
Magikarp Gyarados Water https://img.pokemondb.net/artwork/large/magikarp.jpg
Gyarados - Water,Flying https://img.pokemondb.net/artwork/large/gyarados.jpg
Lapras - Water,Ice https://img.pokemondb.net/artwork/large/lapras.jpg
Ditto - Normal https://img.pokemondb.net/artwork/large/ditto.jpg
Eevee Vaporeon/Jolteon/Flareon/Espeon/Umbreon/Leafeon/Glaceon/Sylveon Normal https://img.pokemondb.net/artwork/large/eevee.jpg
Vaporeon - Water https://img.pokemondb.net/artwork/large/vaporeon.jpg
Jolteon - Electric https://img.pokemondb.net/artwork/large/jolteon.jpg
Flareon - Fire https://img.pokemondb.net/artwork/large/flareon.jpg
Porygon Porygon2 Normal https://img.pokemondb.net/artwork/large/porygon.jpg
Omanyte Omastar Rock,Water https://img.pokemondb.net/artwork/large/omanyte.jpg
Omastar - Rock,Water https://img.pokemondb.net/artwork/large/omastar.jpg
Kabuto Kabutops Rock,Water https://img.pokemondb.net/artwork/large/kabuto.jpg
Kabutops - Rock,Water https://img.pokemondb.net/artwork/large/kabutops.jpg
Aerodactyl - Rock,Flying https://img.pokemondb.net/artwork/large/aerodactyl.jpg
Snorlax - Normal https://img.pokemondb.net/artwork/large/snorlax.jpg
Articuno - Ice,Flying https://img.pokemondb.net/artwork/large/articuno.jpg
Zapdos - Electric,Flying https://img.pokemondb.net/artwork/large/zapdos.jpg
Moltres - Fire,Flying https://img.pokemondb.net/artwork/large/moltres.jpg
Dratini Dragonair Dragon https://img.pokemondb.net/artwork/large/dratini.jpg
Dragonair Dragonite Dragon https://img.pokemondb.net/artwork/large/dragonair.jpg
Dragonite - Dragon,Flying https://img.pokemondb.net/artwork/large/dragonite.jpg
Mewtwo - Psychic https://img.pokemondb.net/artwork/large/mewtwo.jpg
Mew - Psychic https://img.pokemondb.net/artwork/large/mew.jpg
Chikorita Bayleef Grass https://img.pokemondb.net/artwork/large/chikorita.jpg
Bayleef Meganium Grass https://img.pokemondb.net/artwork/large/bayleef.jpg
Meganium - Grass https://img.pokemondb.net/artwork/large/meganium.jpg
Cyndaquil Quilava Fire https://img.pokemondb.net/artwork/large/cyndaquil.jpg
Quilava Typhlosion Fire https://img.pokemondb.net/artwork/large/quilava.jpg
Typhlosion - Fire https://img.pokemondb.net/artwork/large/typhlosion.jpg
Totodile Croconaw Water https://img.pokemondb.net/artwork/large/totodile.jpg
Croconaw Feraligatr Water https://img.pokemondb.net/artwork/large/croconaw.jpg
Feraligatr - Water https://img.pokemondb.net/artwork/large/feraligatr.jpg
Sentret Furret Normal https://img.pokemondb.net/artwork/large/sentret.jpg
Furret - Normal https://img.pokemondb.net/artwork/large/furret.jpg
Hoothoot Noctowl Normal,Flying https://img.pokemondb.net/artwork/large/hoothoot.jpg
Noctowl - Normal,Flying https://img.pokemondb.net/artwork/large/noctowl.jpg
Ledyba Ledian Bug,Flying https://img.pokemondb.net/artwork/large/ledyba.jpg
Ledian - Bug,Flying https://img.pokemondb.net/artwork/large/ledian.jpg
Spinarak Ariados Bug,Poison https://img.pokemondb.net/artwork/large/spinarak.jpg
Ariados - Bug,Poison https://img.pokemondb.net/artwork/large/ariados.jpg
Crobat - Poison,Flying https://img.pokemondb.net/artwork/large/crobat.jpg
Chinchou Lanturn Water,Electric https://img.pokemondb.net/artwork/large/chinchou.jpg
Lanturn - Water,Electric https://img.pokemondb.net/artwork/large/lanturn.jpg
Pichu Pikachu Electric https://img.pokemondb.net/artwork/large/pichu.jpg
Cleffa Clefairy Fairy https://img.pokemondb.net/artwork/large/cleffa.jpg
Igglybuff Jigglypuff Normal,Fairy https://img.pokemondb.net/artwork/large/igglybuff.jpg
Togepi Togetic Fairy https://img.pokemondb.net/artwork/large/togepi.jpg
Togetic Togekiss Fairy,Flying https://img.pokemondb.net/artwork/large/togetic.jpg
Natu Xatu Psychic,Flying https://img.pokemondb.net/artwork/large/natu.jpg
Xatu - Psychic,Flying https://img.pokemondb.net/artwork/large/xatu.jpg
Mareep Flaaffy Electric https://img.pokemondb.net/artwork/large/mareep.jpg
Flaaffy Ampharos Electric https://img.pokemondb.net/artwork/large/flaaffy.jpg
Ampharos - Electric https://img.pokemondb.net/artwork/large/ampharos.jpg
Bellossom - Grass https://img.pokemondb.net/artwork/large/bellossom.jpg
Marill Azumarill Water,Fairy https://img.pokemondb.net/artwork/large/marill.jpg
Azumarill - Water,Fairy https://img.pokemondb.net/artwork/large/azumarill.jpg
Sudowoodo - Rock https://img.pokemondb.net/artwork/large/sudowoodo.jpg
Politoed - Water https://img.pokemondb.net/artwork/large/politoed.jpg
Hoppip Skiploom Grass,Flying https://img.pokemondb.net/artwork/large/hoppip.jpg
Skiploom Jumpluff Grass,Flying https://img.pokemondb.net/artwork/large/skiploom.jpg
Jumpluff - Grass,Flying https://img.pokemondb.net/artwork/large/jumpluff.jpg
Aipom Ambipom Normal https://img.pokemondb.net/artwork/large/aipom.jpg
Sunkern Sunflora Grass https://img.pokemondb.net/artwork/large/sunkern.jpg
Sunflora - Grass https://img.pokemondb.net/artwork/large/sunflora.jpg
Yanma Yanmega Bug,Flying https://img.pokemondb.net/artwork/large/yanma.jpg
Wooper Quagsire Water,Ground https://img.pokemondb.net/artwork/large/wooper.jpg
Quagsire - Water,Ground https://img.pokemondb.net/artwork/large/quagsire.jpg
Espeon - Psychic https://img.pokemondb.net/artwork/large/espeon.jpg
Umbreon - Dark https://img.pokemondb.net/artwork/large/umbreon.jpg
Murkrow Honchkrow Dark,Flying https://img.pokemondb.net/artwork/large/murkrow.jpg
Slowking - Water,Psychic https://img.pokemondb.net/artwork/large/slowking.jpg
Misdreavus Mismagius Ghost https://img.pokemondb.net/artwork/large/misdreavus.jpg
Unown - Psychic https://img.pokemondb.net/artwork/large/unown.jpg
Wobbuffet - Psychic https://img.pokemondb.net/artwork/large/wobbuffet.jpg
Girafarig Farigiraf Normal,Psychic https://img.pokemondb.net/artwork/large/girafarig.jpg
Pineco Forretress Bug https://img.pokemondb.net/artwork/large/pineco.jpg
Forretress - Bug,Steel https://img.pokemondb.net/artwork/large/forretress.jpg
Dunsparce Dudunsparce Normal https://img.pokemondb.net/artwork/large/dunsparce.jpg
Gligar Gliscor Ground,Flying https://img.pokemondb.net/artwork/large/gligar.jpg
Steelix - Steel,Ground https://img.pokemondb.net/artwork/large/steelix.jpg
Snubbull Granbull Fairy https://img.pokemondb.net/artwork/large/snubbull.jpg
Granbull - Fairy https://img.pokemondb.net/artwork/large/granbull.jpg
Qwilfish Overqwil Water,Poison https://img.pokemondb.net/artwork/large/qwilfish.jpg
Scizor - Bug,Steel https://img.pokemondb.net/artwork/large/scizor.jpg
Shuckle - Bug,Rock https://img.pokemondb.net/artwork/large/shuckle.jpg
Heracross - Bug,Fighting https://img.pokemondb.net/artwork/large/heracross.jpg
Sneasel Weavile/Sneasler Dark,Ice https://img.pokemondb.net/artwork/large/sneasel.jpg
Teddiursa Ursaring Normal https://img.pokemondb.net/artwork/large/teddiursa.jpg
Ursaring Ursaluna Normal https://img.pokemondb.net/artwork/large/ursaring.jpg
Slugma Magcargo Fire https://img.pokemondb.net/artwork/large/slugma.jpg
Magcargo - Fire,Rock https://img.pokemondb.net/artwork/large/magcargo.jpg
Swinub Piloswine Ice,Ground https://img.pokemondb.net/artwork/large/swinub.jpg
Piloswine Mamoswine Ice,Ground https://img.pokemondb.net/artwork/large/piloswine.jpg
Corsola Cursola Water,Rock https://img.pokemondb.net/artwork/large/corsola.jpg
Remoraid Octillery Water https://img.pokemondb.net/artwork/large/remoraid.jpg
Octillery - Water https://img.pokemondb.net/artwork/large/octillery.jpg
Delibird - Ice,Flying https://img.pokemondb.net/artwork/large/delibird.jpg
Mantine - Water,Flying https://img.pokemondb.net/artwork/large/mantine.jpg
Skarmory - Steel,Flying https://img.pokemondb.net/artwork/large/skarmory.jpg
Houndour Houndoom Dark,Fire https://img.pokemondb.net/artwork/large/houndour.jpg
Houndoom - Dark,Fire https://img.pokemondb.net/artwork/large/houndoom.jpg
Kingdra - Water,Dragon https://img.pokemondb.net/artwork/large/kingdra.jpg
Phanpy Donphan Ground https://img.pokemondb.net/artwork/large/phanpy.jpg
Donphan - Ground https://img.pokemondb.net/artwork/large/donphan.jpg
Porygon2 Porygon-Z Normal https://img.pokemondb.net/artwork/large/porygon2.jpg
Stantler Wyrdeer Normal https://img.pokemondb.net/artwork/large/stantler.jpg
Smeargle - Normal https://img.pokemondb.net/artwork/large/smeargle.jpg
Tyrogue Hitmonlee/Hitmonchan/Hitmontop Fighting https://img.pokemondb.net/artwork/large/tyrogue.jpg
Hitmontop - Fighting https://img.pokemondb.net/artwork/large/hitmontop.jpg
Smoochum Jynx Ice,Psychic https://img.pokemondb.net/artwork/large/smoochum.jpg
Elekid Electabuzz Electric https://img.pokemondb.net/artwork/large/elekid.jpg
Magby Magmar Fire https://img.pokemondb.net/artwork/large/magby.jpg
Miltank - Normal https://img.pokemondb.net/artwork/large/miltank.jpg
Blissey - Normal https://img.pokemondb.net/artwork/large/blissey.jpg
Raikou - Electric https://img.pokemondb.net/artwork/large/raikou.jpg
Entei - Fire https://img.pokemondb.net/artwork/large/entei.jpg
Suicune - Water https://img.pokemondb.net/artwork/large/suicune.jpg
Larvitar Pupitar Rock,Ground https://img.pokemondb.net/artwork/large/larvitar.jpg
Pupitar Tyranitar Rock,Ground https://img.pokemondb.net/artwork/large/pupitar.jpg
Tyranitar - Rock,Dark https://img.pokemondb.net/artwork/large/tyranitar.jpg
Lugia - Psychic,Flying https://img.pokemondb.net/artwork/large/lugia.jpg
Ho-Oh - Fire,Flying https://img.pokemondb.net/artwork/large/ho-oh.jpg
Celebi - Psychic,Grass https://img.pokemondb.net/artwork/large/celebi.jpg
Treecko Grovyle Grass https://img.pokemondb.net/artwork/large/treecko.jpg
Grovyle Sceptile Grass https://img.pokemondb.net/artwork/large/grovyle.jpg
Sceptile - Grass https://img.pokemondb.net/artwork/large/sceptile.jpg
Torchic Combusken Fire https://img.pokemondb.net/artwork/large/torchic.jpg
Combusken Blaziken Fire,Fighting https://img.pokemondb.net/artwork/large/combusken.jpg
Blaziken - Fire,Fighting https://img.pokemondb.net/artwork/large/blaziken.jpg
Mudkip Marshtomp Water https://img.pokemondb.net/artwork/large/mudkip.jpg
Marshtomp Swampert Water,Ground https://img.pokemondb.net/artwork/large/marshtomp.jpg
Swampert - Water,Ground https://img.pokemondb.net/artwork/large/swampert.jpg
Poochyena Mightyena Dark https://img.pokemondb.net/artwork/large/poochyena.jpg
Mightyena - Dark https://img.pokemondb.net/artwork/large/mightyena.jpg
Zigzagoon Linoone Normal https://img.pokemondb.net/artwork/large/zigzagoon.jpg
Linoone Obstagoon Normal https://img.pokemondb.net/artwork/large/linoone.jpg
Wurmple Silcoon/Cascoon Bug https://img.pokemondb.net/artwork/large/wurmple.jpg
Silcoon Beautifly Bug https://img.pokemondb.net/artwork/large/silcoon.jpg
Beautifly - Bug,Flying https://img.pokemondb.net/artwork/large/beautifly.jpg
Cascoon Dustox Bug https://img.pokemondb.net/artwork/large/cascoon.jpg
Dustox - Bug,Poison https://img.pokemondb.net/artwork/large/dustox.jpg
Lotad Lombre Water,Grass https://img.pokemondb.net/artwork/large/lotad.jpg
Lombre Ludicolo Water,Grass https://img.pokemondb.net/artwork/large/lombre.jpg
Ludicolo - Water,Grass https://img.pokemondb.net/artwork/large/ludicolo.jpg
Seedot Nuzleaf Grass https://img.pokemondb.net/artwork/large/seedot.jpg
Nuzleaf Shiftry Grass,Dark https://img.pokemondb.net/artwork/large/nuzleaf.jpg
Shiftry - Grass,Dark https://img.pokemondb.net/artwork/large/shiftry.jpg
Taillow Swellow Normal,Flying https://img.pokemondb.net/artwork/large/taillow.jpg
Swellow - Normal,Flying https://img.pokemondb.net/artwork/large/swellow.jpg
Wingull Pelipper Water,Flying https://img.pokemondb.net/artwork/large/wingull.jpg
Pelipper - Water,Flying https://img.pokemondb.net/artwork/large/pelipper.jpg
Ralts Kirlia Psychic,Fairy https://img.pokemondb.net/artwork/large/ralts.jpg
Kirlia Gardevoir/Gallade Psychic,Fairy https://img.pokemondb.net/artwork/large/kirlia.jpg
Gardevoir - Psychic,Fairy https://img.pokemondb.net/artwork/large/gardevoir.jpg
Surskit Masquerain Bug,Water https://img.pokemondb.net/artwork/large/surskit.jpg
Masquerain - Bug,Flying https://img.pokemondb.net/artwork/large/masquerain.jpg
Shroomish Breloom Grass https://img.pokemondb.net/artwork/large/shroomish.jpg
Breloom - Grass,Fighting https://img.pokemondb.net/artwork/large/breloom.jpg
Slakoth Vigoroth Normal https://img.pokemondb.net/artwork/large/slakoth.jpg
Vigoroth Slaking Normal https://img.pokemondb.net/artwork/large/vigoroth.jpg
Slaking - Normal https://img.pokemondb.net/artwork/large/slaking.jpg
Nincada Ninjask/Shedinja Bug,Ground https://img.pokemondb.net/artwork/large/nincada.jpg
Ninjask - Bug,Flying https://img.pokemondb.net/artwork/large/ninjask.jpg
Shedinja - Bug,Ghost https://img.pokemondb.net/artwork/large/shedinja.jpg
Whismur Loudred Normal https://img.pokemondb.net/artwork/large/whismur.jpg
Loudred Exploud Normal https://img.pokemondb.net/artwork/large/loudred.jpg
Exploud - Normal https://img.pokemondb.net/artwork/large/exploud.jpg
Makuhita Hariyama Fighting https://img.pokemondb.net/artwork/large/makuhita.jpg
Hariyama - Fighting https://img.pokemondb.net/artwork/large/hariyama.jpg
Azurill Marill Normal,Fairy https://img.pokemondb.net/artwork/large/azurill.jpg
Nosepass Probopass Rock https://img.pokemondb.net/artwork/large/nosepass.jpg
Skitty Delcatty Normal https://img.pokemondb.net/artwork/large/skitty.jpg
Delcatty - Normal https://img.pokemondb.net/artwork/large/delcatty.jpg
Sableye - Dark,Ghost https://img.pokemondb.net/artwork/large/sableye.jpg
Mawile - Steel,Fairy https://img.pokemondb.net/artwork/large/mawile.jpg
Aron Lairon Steel,Rock https://img.pokemondb.net/artwork/large/aron.jpg
Lairon Aggron Steel,Rock https://img.pokemondb.net/artwork/large/lairon.jpg
Aggron - Steel,Rock https://img.pokemondb.net/artwork/large/aggron.jpg
Meditite Medicham Fighting,Psychic https://img.pokemondb.net/artwork/large/meditite.jpg
Medicham - Fighting,Psychic https://img.pokemondb.net/artwork/large/medicham.jpg
Electrike Manectric Electric https://img.pokemondb.net/artwork/large/electrike.jpg
Manectric - Electric https://img.pokemondb.net/artwork/large/manectric.jpg
Plusle - Electric https://img.pokemondb.net/artwork/large/plusle.jpg
Minun - Electric https://img.pokemondb.net/artwork/large/minun.jpg
Volbeat - Bug https://img.pokemondb.net/artwork/large/volbeat.jpg
Illumise - Bug https://img.pokemondb.net/artwork/large/illumise.jpg
Roselia Roserade Grass,Poison https://img.pokemondb.net/artwork/large/roselia.jpg
Gulpin Swalot Poison https://img.pokemondb.net/artwork/large/gulpin.jpg
Swalot - Poison https://img.pokemondb.net/artwork/large/swalot.jpg
Carvanha Sharpedo Water,Dark https://img.pokemondb.net/artwork/large/carvanha.jpg
Sharpedo - Water,Dark https://img.pokemondb.net/artwork/large/sharpedo.jpg
Wailmer Wailord Water https://img.pokemondb.net/artwork/large/wailmer.jpg
Wailord - Water https://img.pokemondb.net/artwork/large/wailord.jpg
Numel Camerupt Fire,Ground https://img.pokemondb.net/artwork/large/numel.jpg
Camerupt - Fire,Ground https://img.pokemondb.net/artwork/large/camerupt.jpg
Torkoal - Fire https://img.pokemondb.net/artwork/large/torkoal.jpg
Spoink Grumpig Psychic https://img.pokemondb.net/artwork/large/spoink.jpg
Grumpig - Psychic https://img.pokemondb.net/artwork/large/grumpig.jpg
Spinda - Normal https://img.pokemondb.net/artwork/large/spinda.jpg
Trapinch Vibrava Ground https://img.pokemondb.net/artwork/large/trapinch.jpg
Vibrava Flygon Ground,Dragon https://img.pokemondb.net/artwork/large/vibrava.jpg
Flygon  Ground,Dragon https://img.pokemondb.net/artwork/large/flygon.jpg
Cacnea Cacturne Grass https://img.pokemondb.net/artwork/large/cacnea.jpg
Cacturne - Grass,Dark https://img.pokemondb.net/artwork/large/cacturne.jpg
Swablu Altaria Normal,Flying https://img.pokemondb.net/artwork/large/swablu.jpg
Altaria - Dragon,Flying https://img.pokemondb.net/artwork/large/altaria.jpg
Zangoose - Normal https://img.pokemondb.net/artwork/large/zangoose.jpg
Seviper - Poison https://img.pokemondb.net/artwork/large/seviper.jpg
Lunatone - Rock,Psychic https://img.pokemondb.net/artwork/large/lunatone.jpg
Solrock - Rock,Psychic https://img.pokemondb.net/artwork/large/solrock.jpg
Barboach Whiscash Water,Ground https://img.pokemondb.net/artwork/large/barboach.jpg
Whiscash - Water,Ground https://img.pokemondb.net/artwork/large/whiscash.jpg
Corphish Crawdaunt Water https://img.pokemondb.net/artwork/large/corphish.jpg
Crawdaunt - Water,Dark https://img.pokemondb.net/artwork/large/crawdaunt.jpg
Baltoy Claydol Ground,Psychic https://img.pokemondb.net/artwork/large/baltoy.jpg
Claydol - Ground,Psychic https://img.pokemondb.net/artwork/large/claydol.jpg
Lileep Cradily Rock,Grass https://img.pokemondb.net/artwork/large/lileep.jpg
Cradily - Rock,Grass https://img.pokemondb.net/artwork/large/cradily.jpg
Anorith Armaldo Rock,Bug https://img.pokemondb.net/artwork/large/anorith.jpg
Armaldo - Rock,Bug https://img.pokemondb.net/artwork/large/armaldo.jpg
Feebas Milotic Water https://img.pokemondb.net/artwork/large/feebas.jpg
Milotic - Water https://img.pokemondb.net/artwork/large/milotic.jpg
Castform - Normal https://img.pokemondb.net/artwork/large/castform.jpg
Kecleon - Normal https://img.pokemondb.net/artwork/large/kecleon.jpg
Shuppet Banette Ghost https://img.pokemondb.net/artwork/large/shuppet.jpg
Banette - Ghost https://img.pokemondb.net/artwork/large/banette.jpg
Duskull Dusclops Ghost https://img.pokemondb.net/artwork/large/duskull.jpg
Dusclops Dusknoir Ghost https://img.pokemondb.net/artwork/large/dusclops.jpg
Tropius - Grass,Flying https://img.pokemondb.net/artwork/large/tropius.jpg
Chimecho - Psychic https://img.pokemondb.net/artwork/large/chimecho.jpg
Absol - Dark https://img.pokemondb.net/artwork/large/absol.jpg
Wynaut Wobbuffet Psychic https://img.pokemondb.net/artwork/large/wynaut.jpg
Snorunt Glalie/Froslass Ice https://img.pokemondb.net/artwork/large/snorunt.jpg
Glalie - Ice https://img.pokemondb.net/artwork/large/glalie.jpg
Spheal Sealeo Ice,Water https://img.pokemondb.net/artwork/large/spheal.jpg
Sealeo Walrein Ice,Water https://img.pokemondb.net/artwork/large/sealeo.jpg
Walrein - Ice,Water https://img.pokemondb.net/artwork/large/walrein.jpg
Clamperl Huntail/Gorebyss Water https://img.pokemondb.net/artwork/large/clamperl.jpg
Huntail - Water https://img.pokemondb.net/artwork/large/huntail.jpg
Gorebyss - Water https://img.pokemondb.net/artwork/large/gorebyss.jpg
Relicanth - Water,Rock https://img.pokemondb.net/artwork/large/relicanth.jpg
Luvdisc - Water https://img.pokemondb.net/artwork/large/luvdisc.jpg
Bagon Shelgon Dragon https://img.pokemondb.net/artwork/large/bagon.jpg
Shelgon Salamence Dragon https://img.pokemondb.net/artwork/large/shelgon.jpg
Salamence - Dragon,Flying https://img.pokemondb.net/artwork/large/salamence.jpg
Beldum Metang Steel,Psychic https://img.pokemondb.net/artwork/large/beldum.jpg
Metang - Steel,Psychic https://img.pokemondb.net/artwork/large/metang.jpg
Metagross Metagross Steel,Psychic https://img.pokemondb.net/artwork/large/metagross.jpg
Regirock - Rock https://img.pokemondb.net/artwork/large/regirock.jpg
Regice - Ice https://img.pokemondb.net/artwork/large/regice.jpg
Registeel - Steel https://img.pokemondb.net/artwork/large/registeel.jpg
Latias - Dragon,Psychic https://img.pokemondb.net/artwork/large/latias.jpg
Latios - Dragon,Psychic https://img.pokemondb.net/artwork/large/latios.jpg
Kyogre - Water https://img.pokemondb.net/artwork/large/kyogre.jpg
Groudon - Ground https://img.pokemondb.net/artwork/large/groudon.jpg
Rayquaza - Dragon,Flying https://img.pokemondb.net/artwork/large/rayquaza.jpg
Jirachi - Steel,Psychic https://img.pokemondb.net/artwork/large/jirachi.jpg
Deoxys - Psychic https://img.pokemondb.net/artwork/large/deoxys.jpg
Turtwig Grotle Grass https://img.pokemondb.net/artwork/large/turtwig.jpg
Grotle Torterra Grass https://img.pokemondb.net/artwork/large/grotle.jpg
Torterra - Grass,Ground https://img.pokemondb.net/artwork/large/torterra.jpg
Chimchar Monferno Fire https://img.pokemondb.net/artwork/large/chimchar.jpg
Monferno Infernape Fire,Fighting https://img.pokemondb.net/artwork/large/monferno.jpg
Infernape - Fire,Fighting https://img.pokemondb.net/artwork/large/infernape.jpg
Piplup Prinplup Water https://img.pokemondb.net/artwork/large/piplup.jpg
Prinplup Empoleon Water https://img.pokemondb.net/artwork/large/prinplup.jpg
Empoleon - Water,Steel https://img.pokemondb.net/artwork/large/empoleon.jpg
Starly Staravia Normal,Flying https://img.pokemondb.net/artwork/large/starly.jpg
Staravia Staraptor Normal,Flying https://img.pokemondb.net/artwork/large/staravia.jpg
Staraptor - Normal,Flying https://img.pokemondb.net/artwork/large/staraptor.jpg
Bidoof Bibarel Normal https://img.pokemondb.net/artwork/large/bidoof.jpg
Bibarel - Normal,Water https://img.pokemondb.net/artwork/large/bibarel.jpg
Kricketot Kricketune Bug https://img.pokemondb.net/artwork/large/kricketot.jpg
Kricketune - Bug https://img.pokemondb.net/artwork/large/kricketune.jpg
Shinx Luxio Electric https://img.pokemondb.net/artwork/large/shinx.jpg
Luxio Luxray Electric https://img.pokemondb.net/artwork/large/luxio.jpg
Luxray - Electric https://img.pokemondb.net/artwork/large/luxray.jpg
Budew Roselia Grass,Poison https://img.pokemondb.net/artwork/large/budew.jpg
Roserade - Grass,Poison https://img.pokemondb.net/artwork/large/roserade.jpg
Cranidos Rampardos Rock https://img.pokemondb.net/artwork/large/cranidos.jpg
Rampardos - Rock https://img.pokemondb.net/artwork/large/rampardos.jpg
Shieldon Bastiodon Rock,Steel https://img.pokemondb.net/artwork/large/shieldon.jpg
Bastiodon - Rock,Steel https://img.pokemondb.net/artwork/large/bastiodon.jpg
Burmy Wormadam/Mothim Bug https://img.pokemondb.net/artwork/large/burmy.jpg
Wormadam - Bug,Grass https://img.pokemondb.net/artwork/large/wormadam.jpg
Mothim - Bug,Flying https://img.pokemondb.net/artwork/large/mothim.jpg
Combee Vespiquen Bug,Flying https://img.pokemondb.net/artwork/large/combee.jpg
Vespiquen - Bug,Flying https://img.pokemondb.net/artwork/large/vespiquen.jpg
Pachirisu - Electric https://img.pokemondb.net/artwork/large/pachirisu.jpg
Buizel Floatzel Water https://img.pokemondb.net/artwork/large/buizel.jpg
Floatzel - Water https://img.pokemondb.net/artwork/large/floatzel.jpg
Cherubi Cherrim Grass https://img.pokemondb.net/artwork/large/cherubi.jpg
Cherrim - Grass https://img.pokemondb.net/artwork/large/cherrim.jpg
Shellos Gastrodon Water https://img.pokemondb.net/artwork/large/shellos.jpg
Gastrodon - Water,Ground https://img.pokemondb.net/artwork/large/gastrodon.jpg
Ambipom - Normal https://img.pokemondb.net/artwork/large/ambipom.jpg
Drifloon Drifblim Ghost,Flying https://img.pokemondb.net/artwork/large/drifloon.jpg
Drifblim - Ghost,Flying https://img.pokemondb.net/artwork/large/drifblim.jpg
Buneary Lopunny Normal https://img.pokemondb.net/artwork/large/buneary.jpg
Lopunny - Normal https://img.pokemondb.net/artwork/large/lopunny.jpg
Mismagius - Ghost https://img.pokemondb.net/artwork/large/mismagius.jpg
Honchkrow - Dark,Flying https://img.pokemondb.net/artwork/large/honchkrow.jpg
Glameow Purugly Normal https://img.pokemondb.net/artwork/large/glameow.jpg
Purugly - Normal https://img.pokemondb.net/artwork/large/purugly.jpg
Chingling Chimecho Psychic https://img.pokemondb.net/artwork/large/chingling.jpg
Stunky Skuntank Poison,Dark https://img.pokemondb.net/artwork/large/stunky.jpg
Skuntank - Poison,Dark https://img.pokemondb.net/artwork/large/skuntank.jpg
Bronzor Bronzong Steel,Psychic https://img.pokemondb.net/artwork/large/bronzor.jpg
Bronzong - Steel,Psychic https://img.pokemondb.net/artwork/large/bronzong.jpg
Bonsly Sudowoodo Rock https://img.pokemondb.net/artwork/large/bonsly.jpg
Mime_Jr. Mr._Mime Psychic,Fairy https://img.pokemondb.net/artwork/large/mime-jr.jpg
Happiny Chansey Normal https://img.pokemondb.net/artwork/large/happiny.jpg
Chatot - Normal,Flying https://img.pokemondb.net/artwork/large/chatot.jpg
Spiritomb - Ghost,Dark https://img.pokemondb.net/artwork/large/spiritomb.jpg
Gible Gabite Dragon,Ground https://img.pokemondb.net/artwork/large/gible.jpg
Gabite Garchomp Dragon,Ground https://img.pokemondb.net/artwork/large/gabite.jpg
Garchomp - Dragon,Ground https://img.pokemondb.net/artwork/large/garchomp.jpg
Munchlax Snorlax Normal https://img.pokemondb.net/artwork/large/munchlax.jpg
Riolu Lucario Fighting https://img.pokemondb.net/artwork/large/riolu.jpg
Lucario - Fighting,Steel https://img.pokemondb.net/artwork/large/lucario.jpg
Hippopotas Hippowdon Ground https://img.pokemondb.net/artwork/large/hippopotas.jpg
Hippowdon - Ground https://img.pokemondb.net/artwork/large/hippowdon.jpg
Skorupi Drapion Poison,Bug https://img.pokemondb.net/artwork/large/skorupi.jpg
Drapion - Poison,Dark https://img.pokemondb.net/artwork/large/drapion.jpg
Croagunk Toxicroak Poison,Fighting https://img.pokemondb.net/artwork/large/croagunk.jpg
Toxicroak - Poison,Fighting https://img.pokemondb.net/artwork/large/toxicroak.jpg
Carnivine - Grass https://img.pokemondb.net/artwork/large/carnivine.jpg
Finneon Lumineon Water https://img.pokemondb.net/artwork/large/finneon.jpg
Lumineon - Water https://img.pokemondb.net/artwork/large/lumineon.jpg
Mantyke Mantine Water,Flying https://img.pokemondb.net/artwork/large/mantyke.jpg
Snover Abomasnow Grass,Ice https://img.pokemondb.net/artwork/large/snover.jpg
Abomasnow - Grass,Ice https://img.pokemondb.net/artwork/large/abomasnow.jpg
Weavile - Dark,Ice https://img.pokemondb.net/artwork/large/weavile.jpg
Magnezone - Electric,Steel https://img.pokemondb.net/artwork/large/magnezone.jpg
Lickilicky - Normal https://img.pokemondb.net/artwork/large/lickilicky.jpg
Rhyperior - Ground,Rock https://img.pokemondb.net/artwork/large/rhyperior.jpg
Tangrowth - Grass https://img.pokemondb.net/artwork/large/tangrowth.jpg
Electivire - Electric https://img.pokemondb.net/artwork/large/electivire.jpg
Magmortar - Fire https://img.pokemondb.net/artwork/large/magmortar.jpg
Togekiss - Fairy,Flying https://img.pokemondb.net/artwork/large/togekiss.jpg
Yanmega - Bug,Flying https://img.pokemondb.net/artwork/large/yanmega.jpg
Leafeon - Grass https://img.pokemondb.net/artwork/large/leafeon.jpg
Glaceon - Ice https://img.pokemondb.net/artwork/large/glaceon.jpg
Gliscor - Ground,Flying https://img.pokemondb.net/artwork/large/gliscor.jpg
Mamoswine - Ice,Ground https://img.pokemondb.net/artwork/large/mamoswine.jpg
Porygon-Z - Normal https://img.pokemondb.net/artwork/large/porygon-z.jpg
Gallade - Psychic,Fighting https://img.pokemondb.net/artwork/large/gallade.jpg
Probopass - Rock,Steel https://img.pokemondb.net/artwork/large/probopass.jpg
Dusknoir - Ghost https://img.pokemondb.net/artwork/large/dusknoir.jpg
Froslass - Ice,Ghost https://img.pokemondb.net/artwork/large/froslass.jpg
Rotom - Electric,Ghost https://img.pokemondb.net/artwork/large/rotom.jpg
Uxie - Psychic https://img.pokemondb.net/artwork/large/uxie.jpg
Mesprit - Psychic https://img.pokemondb.net/artwork/large/mesprit.jpg
Azelf - Psychic https://img.pokemondb.net/artwork/large/azelf.jpg
Dialga - Steel,Dragon https://img.pokemondb.net/artwork/large/dialga.jpg
Palkia - Water,Dragon https://img.pokemondb.net/artwork/large/palkia.jpg
Heatran - Fire,Steel https://img.pokemondb.net/artwork/large/heatran.jpg
Regigigas - Normal https://img.pokemondb.net/artwork/large/regigigas.jpg
Giratina - Ghost,Dragon https://img.pokemondb.net/artwork/large/giratina-altered.jpg
Cresselia - Psychic https://img.pokemondb.net/artwork/large/cresselia.jpg
Phione - Water https://img.pokemondb.net/artwork/large/phione.jpg
Manaphy - Water https://img.pokemondb.net/artwork/large/manaphy.jpg
Darkrai - Dark https://img.pokemondb.net/artwork/large/darkrai.jpg
Shaymin - Grass https://img.pokemondb.net/artwork/large/shaymin-land.jpg
Arceus - Normal https://img.pokemondb.net/artwork/large/arceus.jpg
Victini - Psychic,Fire https://img.pokemondb.net/artwork/large/victini.jpg
Snivy Servine Grass https://img.pokemondb.net/artwork/large/snivy.jpg
Servine Serperior Grass https://img.pokemondb.net/artwork/large/servine.jpg
Serperior - Grass https://img.pokemondb.net/artwork/large/serperior.jpg
Tepig Pignite Fire https://img.pokemondb.net/artwork/large/tepig.jpg
Pignite Emboar Fire,Fighting https://img.pokemondb.net/artwork/large/pignite.jpg
Emboar - Fire,Fighting https://img.pokemondb.net/artwork/large/emboar.jpg
Oshawott Dewott Water https://img.pokemondb.net/artwork/large/oshawott.jpg
Dewott Samurott Water https://img.pokemondb.net/artwork/large/dewott.jpg
Samurott - Water https://img.pokemondb.net/artwork/large/samurott.jpg
Patrat Watchog Normal https://img.pokemondb.net/artwork/large/patrat.jpg
Watchog - Normal https://img.pokemondb.net/artwork/large/watchog.jpg
Lillipup Herdier Normal https://img.pokemondb.net/artwork/large/lillipup.jpg
Herdier Stoutland Normal https://img.pokemondb.net/artwork/large/herdier.jpg
Stoutland - Normal https://img.pokemondb.net/artwork/large/stoutland.jpg
Purrloin Liepard Dark https://img.pokemondb.net/artwork/large/purrloin.jpg
Liepard Simisage Dark https://img.pokemondb.net/artwork/large/liepard.jpg
Pansage - Grass https://img.pokemondb.net/artwork/large/pansage.jpg
Simisage - Grass https://img.pokemondb.net/artwork/large/simisage.jpg
Pansear Simisear Fire https://img.pokemondb.net/artwork/large/pansear.jpg
Simisear - Fire https://img.pokemondb.net/artwork/large/simisear.jpg
Panpour Simipour Water https://img.pokemondb.net/artwork/large/panpour.jpg
Simipour - Water https://img.pokemondb.net/artwork/large/simipour.jpg
Munna Musharna Psychic https://img.pokemondb.net/artwork/large/munna.jpg
Musharna - Psychic https://img.pokemondb.net/artwork/large/musharna.jpg
Pidove Tranquill Normal,Flying https://img.pokemondb.net/artwork/large/pidove.jpg
Tranquill - Normal,Flying https://img.pokemondb.net/artwork/large/tranquill.jpg
Unfezant Unfezant Normal,Flying https://img.pokemondb.net/artwork/large/unfezant.jpg
Blitzle Zebstrika Electric https://img.pokemondb.net/artwork/large/blitzle.jpg
Zebstrika - Electric https://img.pokemondb.net/artwork/large/zebstrika.jpg
Roggenrola Boldore Rock https://img.pokemondb.net/artwork/large/roggenrola.jpg
Boldore Gigalith Rock https://img.pokemondb.net/artwork/large/boldore.jpg
Gigalith - Rock https://img.pokemondb.net/artwork/large/gigalith.jpg
Woobat Swoobat Psychic,Flying https://img.pokemondb.net/artwork/large/woobat.jpg
Swoobat - Psychic,Flying https://img.pokemondb.net/artwork/large/swoobat.jpg
Drilbur Excadrill Ground https://img.pokemondb.net/artwork/large/drilbur.jpg
Excadrill - Ground,Steel https://img.pokemondb.net/artwork/large/excadrill.jpg
Audino - Normal https://img.pokemondb.net/artwork/large/audino.jpg
Timburr Gurdurr Fighting https://img.pokemondb.net/artwork/large/timburr.jpg
Gurdurr Conkeldurr Fighting https://img.pokemondb.net/artwork/large/gurdurr.jpg
Conkeldurr - Fighting https://img.pokemondb.net/artwork/large/conkeldurr.jpg
Tympole Palpitoad Water https://img.pokemondb.net/artwork/large/tympole.jpg
Palpitoad Seismitoad Water,Ground https://img.pokemondb.net/artwork/large/palpitoad.jpg
Seismitoad - Water,Ground https://img.pokemondb.net/artwork/large/seismitoad.jpg
Throh - Fighting https://img.pokemondb.net/artwork/large/throh.jpg
Sawk - Fighting https://img.pokemondb.net/artwork/large/sawk.jpg
Sewaddle Swadloon Bug,Grass https://img.pokemondb.net/artwork/large/sewaddle.jpg
Swadloon Leavanny Bug,Grass https://img.pokemondb.net/artwork/large/swadloon.jpg
Leavanny - Bug,Grass https://img.pokemondb.net/artwork/large/leavanny.jpg
Venipede Whirlipede Bug,Poison https://img.pokemondb.net/artwork/large/venipede.jpg
Whirlipede Scolipede Bug,Poison https://img.pokemondb.net/artwork/large/whirlipede.jpg
Scolipede - Bug,Poison https://img.pokemondb.net/artwork/large/scolipede.jpg
Cottonee Whimsicott Grass,Fairy https://img.pokemondb.net/artwork/large/cottonee.jpg
Whimsicott - Grass,Fairy https://img.pokemondb.net/artwork/large/whimsicott.jpg
Petilil Lilligant Grass https://img.pokemondb.net/artwork/large/petilil.jpg
Lilligant - Grass https://img.pokemondb.net/artwork/large/lilligant.jpg
Basculin Basculegion Water https://img.pokemondb.net/artwork/large/basculin.jpg
Sandile Krokorok Ground,Dark https://img.pokemondb.net/artwork/large/sandile.jpg
Krokorok Krookodile Ground,Dark https://img.pokemondb.net/artwork/large/krokorok.jpg
Krookodile - Ground,Dark https://img.pokemondb.net/artwork/large/krookodile.jpg
Darumaka Darmanitan Fire https://img.pokemondb.net/artwork/large/darumaka.jpg
Darmanitan - Fire https://img.pokemondb.net/artwork/large/darmanitan.jpg
Maractus - Grass https://img.pokemondb.net/artwork/large/maractus.jpg
Dwebble Crustle Bug,Rock https://img.pokemondb.net/artwork/large/dwebble.jpg
Crustle - Bug,Rock https://img.pokemondb.net/artwork/large/crustle.jpg
Scraggy Scrafty Dark,Fighting https://img.pokemondb.net/artwork/large/scraggy.jpg
Scrafty - Dark,Fighting https://img.pokemondb.net/artwork/large/scrafty.jpg
Sigilyph - Psychic,Flying https://img.pokemondb.net/artwork/large/sigilyph.jpg
Yamask Cofagrigus/Runerigus Ghost https://img.pokemondb.net/artwork/large/yamask.jpg
Cofagrigus - Ghost https://img.pokemondb.net/artwork/large/cofagrigus.jpg
Tirtouga Carracosta Water,Rock https://img.pokemondb.net/artwork/large/tirtouga.jpg
Carracosta - Water,Rock https://img.pokemondb.net/artwork/large/carracosta.jpg
Archen Archeops Rock,Flying https://img.pokemondb.net/artwork/large/archen.jpg
Archeops - Rock,Flying https://img.pokemondb.net/artwork/large/archeops.jpg
Trubbish Garbodor Poison https://img.pokemondb.net/artwork/large/trubbish.jpg
Garbodor - Poison https://img.pokemondb.net/artwork/large/garbodor.jpg
Zorua Zoroark Dark https://img.pokemondb.net/artwork/large/zorua.jpg
Zoroark - Dark https://img.pokemondb.net/artwork/large/zoroark.jpg
Minccino Cinccino Normal https://img.pokemondb.net/artwork/large/minccino.jpg
Cinccino - Normal https://img.pokemondb.net/artwork/large/cinccino.jpg
Gothita Gothorita Psychic https://img.pokemondb.net/artwork/large/gothita.jpg
Gothorita Gothitelle Psychic https://img.pokemondb.net/artwork/large/gothorita.jpg
Gothitelle - Psychic https://img.pokemondb.net/artwork/large/gothitelle.jpg
Solosis Duosion Psychic https://img.pokemondb.net/artwork/large/solosis.jpg
Duosion Reuniclus Psychic https://img.pokemondb.net/artwork/large/duosion.jpg
Reuniclus - Psychic https://img.pokemondb.net/artwork/large/reuniclus.jpg
Ducklett Swanna Water,Flying https://img.pokemondb.net/artwork/large/ducklett.jpg
Swanna - Water,Flying https://img.pokemondb.net/artwork/large/swanna.jpg
Vanillite Vanillish Ice https://img.pokemondb.net/artwork/large/vanillite.jpg
Vanillish Vanilluxe Ice https://img.pokemondb.net/artwork/large/vanillish.jpg
Vanilluxe - Ice https://img.pokemondb.net/artwork/large/vanilluxe.jpg
Deerling Sawsbuck Normal,Grass https://img.pokemondb.net/artwork/large/deerling.jpg
Sawsbuck - Normal,Grass https://img.pokemondb.net/artwork/large/sawsbuck.jpg
Emolga - Electric,Flying https://img.pokemondb.net/artwork/large/emolga.jpg
Karrablast Escavalier Bug https://img.pokemondb.net/artwork/large/karrablast.jpg
Escavalier - Bug,Steel https://img.pokemondb.net/artwork/large/escavalier.jpg
Foongus Amoonguss Grass,Poison https://img.pokemondb.net/artwork/large/foongus.jpg
Amoonguss - Grass,Poison https://img.pokemondb.net/artwork/large/amoonguss.jpg
Frillish Jellicent Water,Ghost https://img.pokemondb.net/artwork/large/frillish.jpg
Jellicent - Water,Ghost https://img.pokemondb.net/artwork/large/jellicent.jpg
Alomomola - Water https://img.pokemondb.net/artwork/large/alomomola.jpg
Joltik Galvantula Bug,Electric https://img.pokemondb.net/artwork/large/joltik.jpg
Galvantula - Bug,Electric https://img.pokemondb.net/artwork/large/galvantula.jpg
Ferroseed Ferrothorn Grass,Steel https://img.pokemondb.net/artwork/large/ferroseed.jpg
Ferrothorn - Grass,Steel https://img.pokemondb.net/artwork/large/ferrothorn.jpg
Klink Klang Steel https://img.pokemondb.net/artwork/large/klink.jpg
Klang Klinklang Steel https://img.pokemondb.net/artwork/large/klang.jpg
Klinklang - Steel https://img.pokemondb.net/artwork/large/klinklang.jpg
Tynamo Eelektrik Electric https://img.pokemondb.net/artwork/large/tynamo.jpg
Eelektrik Eelektross Electric https://img.pokemondb.net/artwork/large/eelektrik.jpg
Eelektross - Electric https://img.pokemondb.net/artwork/large/eelektross.jpg
Elgyem Beheeyem Psychic https://img.pokemondb.net/artwork/large/elgyem.jpg
Beheeyem - Psychic https://img.pokemondb.net/artwork/large/beheeyem.jpg
Litwick Lampent Ghost,Fire https://img.pokemondb.net/artwork/large/litwick.jpg
Lampent Chandelure Ghost,Fire https://img.pokemondb.net/artwork/large/lampent.jpg
Chandelure - Ghost,Fire https://img.pokemondb.net/artwork/large/chandelure.jpg
Axew Fraxure Dragon https://img.pokemondb.net/artwork/large/axew.jpg
Fraxure Haxorus Dragon https://img.pokemondb.net/artwork/large/fraxure.jpg
Haxorus - Dragon https://img.pokemondb.net/artwork/large/haxorus.jpg
Cubchoo Beartic Ice https://img.pokemondb.net/artwork/large/cubchoo.jpg
Beartic - Ice https://img.pokemondb.net/artwork/large/beartic.jpg
Cryogonal - Ice https://img.pokemondb.net/artwork/large/cryogonal.jpg
Shelmet Accelgor Bug https://img.pokemondb.net/artwork/large/shelmet.jpg
Accelgor - Bug https://img.pokemondb.net/artwork/large/accelgor.jpg
Stunfisk - Ground,Electric https://img.pokemondb.net/artwork/large/stunfisk.jpg
Mienfoo Mienshao Fighting https://img.pokemondb.net/artwork/large/mienfoo.jpg
Mienshao - Fighting https://img.pokemondb.net/artwork/large/mienshao.jpg
Druddigon - Dragon https://img.pokemondb.net/artwork/large/druddigon.jpg
Golett Golurk Ground,Ghost https://img.pokemondb.net/artwork/large/golett.jpg
Golurk - Ground,Ghost https://img.pokemondb.net/artwork/large/golurk.jpg
Pawniard Bisharp Dark,Steel https://img.pokemondb.net/artwork/large/pawniard.jpg
Bisharp - Dark,Steel https://img.pokemondb.net/artwork/large/bisharp.jpg
Bouffalant - Normal https://img.pokemondb.net/artwork/large/bouffalant.jpg
Rufflet Braviary Normal,Flying https://img.pokemondb.net/artwork/large/rufflet.jpg
Braviary - Normal,Flying https://img.pokemondb.net/artwork/large/braviary.jpg
Vullaby Mandibuzz Dark,Flying https://img.pokemondb.net/artwork/large/vullaby.jpg
Mandibuzz - Dark,Flying https://img.pokemondb.net/artwork/large/mandibuzz.jpg
Heatmor - Fire https://img.pokemondb.net/artwork/large/heatmor.jpg
Durant - Bug,Steel https://img.pokemondb.net/artwork/large/durant.jpg
Deino Zweilous Dark,Dragon https://img.pokemondb.net/artwork/large/deino.jpg
Zweilous Hydreigon Dark,Dragon https://img.pokemondb.net/artwork/large/zweilous.jpg
Hydreigon - Dark,Dragon https://img.pokemondb.net/artwork/large/hydreigon.jpg
Larvesta Volcarona Bug,Fire https://img.pokemondb.net/artwork/large/larvesta.jpg
Volcarona - Bug,Fire https://img.pokemondb.net/artwork/large/volcarona.jpg
Cobalion - Steel,Fighting https://img.pokemondb.net/artwork/large/cobalion.jpg
Terrakion - Rock,Fighting https://img.pokemondb.net/artwork/large/terrakion.jpg
Virizion - Grass,Fighting https://img.pokemondb.net/artwork/large/virizion.jpg
Tornadus - Flying https://img.pokemondb.net/artwork/large/tornadus.jpg
Thundurus - Electric,Flying https://img.pokemondb.net/artwork/large/thundurus.jpg
Reshiram - Dragon,Fire https://img.pokemondb.net/artwork/large/reshiram.jpg
Zekrom - Dragon,Electric https://img.pokemondb.net/artwork/large/zekrom.jpg
Landorus - Ground,Flying https://img.pokemondb.net/artwork/large/landorus.jpg
Kyurem - Dragon,Ice https://img.pokemondb.net/artwork/large/kyurem.jpg
Keldeo - Water,Fighting https://img.pokemondb.net/artwork/large/keldeo.jpg
Meloetta - Normal,Psychic https://img.pokemondb.net/artwork/large/meloetta.jpg
Genesect - Bug,Steel https://img.pokemondb.net/artwork/large/genesect.jpg
Chespin Quilladin Grass https://img.pokemondb.net/artwork/large/chespin.jpg
Quilladin Chesnaught Grass https://img.pokemondb.net/artwork/large/quilladin.jpg
Chesnaught - Grass,Fighting https://img.pokemondb.net/artwork/large/chesnaught.jpg
Fennekin Braixen Fire https://img.pokemondb.net/artwork/large/fennekin.jpg
Braixen Delphox Fire https://img.pokemondb.net/artwork/large/braixen.jpg
Delphox - Fire,Psychic https://img.pokemondb.net/artwork/large/delphox.jpg
Froakie Frogadier Water https://img.pokemondb.net/artwork/large/froakie.jpg
Frogadier Greninja Water https://img.pokemondb.net/artwork/large/frogadier.jpg
Greninja - Water,Dark https://img.pokemondb.net/artwork/large/greninja.jpg
Bunnelby Diggersby Normal https://img.pokemondb.net/artwork/large/bunnelby.jpg
Diggersby - Normal,Ground https://img.pokemondb.net/artwork/large/diggersby.jpg
Fletchling Fletchinder Normal,Flying https://img.pokemondb.net/artwork/large/fletchling.jpg
Fletchinder Talonflame Fire,Flying https://img.pokemondb.net/artwork/large/fletchinder.jpg
Talonflame - Fire,Flying https://img.pokemondb.net/artwork/large/talonflame.jpg
Scatterbug Spewpa Bug https://img.pokemondb.net/artwork/large/scatterbug.jpg
Spewpa Vivillon Bug https://img.pokemondb.net/artwork/large/spewpa.jpg
Vivillon - Bug,Flying https://img.pokemondb.net/artwork/large/vivillon.jpg
Litleo Pyroar Fire,Normal https://img.pokemondb.net/artwork/large/litleo.jpg
Pyroar - Fire,Normal https://img.pokemondb.net/artwork/large/pyroar.jpg
Flabébé Floette Fairy https://img.pokemondb.net/artwork/large/flabebe.jpg
Floette Florges Fairy https://img.pokemondb.net/artwork/large/floette.jpg
Florges - Fairy https://img.pokemondb.net/artwork/large/florges.jpg
Skiddo Gogoat Grass https://img.pokemondb.net/artwork/large/skiddo.jpg
Gogoat - Grass https://img.pokemondb.net/artwork/large/gogoat.jpg
Pancham Pangoro Fighting https://img.pokemondb.net/artwork/large/pancham.jpg
Pangoro - Fighting,Dark https://img.pokemondb.net/artwork/large/pangoro.jpg
Furfrou - Normal https://img.pokemondb.net/artwork/large/furfrou.jpg
Espurr Meowstic Psychic https://img.pokemondb.net/artwork/large/espurr.jpg
Meowstic - Psychic https://img.pokemondb.net/artwork/large/meowstic.jpg
Honedge Doublade Steel,Ghost https://img.pokemondb.net/artwork/large/honedge.jpg
Doublade Aegislash Steel,Ghost https://img.pokemondb.net/artwork/large/doublade.jpg
Aegislash - Steel,Ghost https://img.pokemondb.net/artwork/large/aegislash.jpg
Spritzee Aromatisse Fairy https://img.pokemondb.net/artwork/large/spritzee.jpg
Aromatisse - Fairy https://img.pokemondb.net/artwork/large/aromatisse.jpg
Swirlix Slurpuff Fairy https://img.pokemondb.net/artwork/large/swirlix.jpg
Slurpuff - Fairy https://img.pokemondb.net/artwork/large/slurpuff.jpg
Inkay Malamar Dark,Psychic https://img.pokemondb.net/artwork/large/inkay.jpg
Malamar - Dark,Psychic https://img.pokemondb.net/artwork/large/malamar.jpg
Binacle Barbaracle Rock,Water https://img.pokemondb.net/artwork/large/binacle.jpg
Barbaracle - Rock,Water https://img.pokemondb.net/artwork/large/barbaracle.jpg
Skrelp Dragalge Poison,Water https://img.pokemondb.net/artwork/large/skrelp.jpg
Dragalge - Poison,Dragon https://img.pokemondb.net/artwork/large/dragalge.jpg
Clauncher Clawitzer Water https://img.pokemondb.net/artwork/large/clauncher.jpg
Clawitzer - Water https://img.pokemondb.net/artwork/large/clawitzer.jpg
Helioptile Heliolisk Electric,Normal https://img.pokemondb.net/artwork/large/helioptile.jpg
Heliolisk - Electric,Normal https://img.pokemondb.net/artwork/large/heliolisk.jpg
Tyrunt Tyrantrum Rock,Dragon https://img.pokemondb.net/artwork/large/tyrunt.jpg
Tyrantrum - Rock,Dragon https://img.pokemondb.net/artwork/large/tyrantrum.jpg
Amaura Aurorus Rock,Ice https://img.pokemondb.net/artwork/large/amaura.jpg
Aurorus - Rock,Ice https://img.pokemondb.net/artwork/large/aurorus.jpg
Sylveon - Fairy https://img.pokemondb.net/artwork/large/sylveon.jpg
Hawlucha - Fighting,Flying https://img.pokemondb.net/artwork/large/hawlucha.jpg
Dedenne - Electric,Fairy https://img.pokemondb.net/artwork/large/dedenne.jpg
Carbink - Rock,Fairy https://img.pokemondb.net/artwork/large/carbink.jpg
Goomy Sliggoo/Goodra Dragon https://img.pokemondb.net/artwork/large/goomy.jpg
Sliggoo - Dragon https://img.pokemondb.net/artwork/large/sliggoo.jpg
Goodra - Dragon https://img.pokemondb.net/artwork/large/goodra.jpg
Klefki - Steel,Fairy https://img.pokemondb.net/artwork/large/klefki.jpg
Phantump Trevenant Ghost,Grass https://img.pokemondb.net/artwork/large/phantump.jpg
Trevenant - Ghost,Grass https://img.pokemondb.net/artwork/large/trevenant.jpg
Pumpkaboo Gourgeist Ghost,Grass https://img.pokemondb.net/artwork/large/pumpkaboo.jpg
Gourgeist - Ghost,Grass https://img.pokemondb.net/artwork/large/gourgeist.jpg
Bergmite Avalugg Ice https://img.pokemondb.net/artwork/large/bergmite.jpg
Avalugg - Ice https://img.pokemondb.net/artwork/large/avalugg.jpg
Noibat Noivern Flying,Dragon https://img.pokemondb.net/artwork/large/noibat.jpg
Noivern - Flying,Dragon https://img.pokemondb.net/artwork/large/noivern.jpg
Xerneas - Fairy https://img.pokemondb.net/artwork/large/xerneas.jpg
Yveltal - Dark,Flying https://img.pokemondb.net/artwork/large/yveltal.jpg
Zygarde - Dragon,Ground https://img.pokemondb.net/artwork/large/zygarde.jpg
Diancie - Rock,Fairy https://img.pokemondb.net/artwork/large/diancie.jpg
Hoopa - Psychic,Ghost https://img.pokemondb.net/artwork/large/hoopa.jpg
Volcanion - Fire,Water https://img.pokemondb.net/artwork/large/volcanion.jpg
Rowlet Dartrix Grass,Flying https://img.pokemondb.net/artwork/large/rowlet.jpg
Dartrix Decidueye Grass,Flying https://img.pokemondb.net/artwork/large/dartrix.jpg
Decidueye - Grass,Ghost https://img.pokemondb.net/artwork/large/decidueye.jpg
Litten Torracat Fire https://img.pokemondb.net/artwork/large/litten.jpg
Torracat Incineroar Fire https://img.pokemondb.net/artwork/large/torracat.jpg
Incineroar - Fire,Dark https://img.pokemondb.net/artwork/large/incineroar.jpg
Popplio Brionne Water https://img.pokemondb.net/artwork/large/popplio.jpg
Brionne Primarina Water https://img.pokemondb.net/artwork/large/brionne.jpg
Primarina - Water,Fairy https://img.pokemondb.net/artwork/large/primarina.jpg
Pikipek Trumbeak Normal,Flying https://img.pokemondb.net/artwork/large/pikipek.jpg
Trumbeak Toucannon Normal,Flying https://img.pokemondb.net/artwork/large/trumbeak.jpg
Toucannon - Normal,Flying https://img.pokemondb.net/artwork/large/toucannon.jpg
Yungoos Gumshoos Normal https://img.pokemondb.net/artwork/large/yungoos.jpg
Gumshoos - Normal https://img.pokemondb.net/artwork/large/gumshoos.jpg
Grubbin Charjabug Bug https://img.pokemondb.net/artwork/large/grubbin.jpg
Charjabug Vikavolt Bug,Electric https://img.pokemondb.net/artwork/large/charjabug.jpg
Vikavolt - Bug,Electric https://img.pokemondb.net/artwork/large/vikavolt.jpg
Crabrawler Crabominable Fighting https://img.pokemondb.net/artwork/large/crabrawler.jpg
Crabominable - Fighting,Ice https://img.pokemondb.net/artwork/large/crabominable.jpg
Oricorio - Fire,Flying https://img.pokemondb.net/artwork/large/oricorio-baile.jpg
Cutiefly Ribombee Bug,Fairy https://img.pokemondb.net/artwork/large/cutiefly.jpg
Ribombee - Bug,Fairy https://img.pokemondb.net/artwork/large/ribombee.jpg
Rockruff Lycanroc Rock https://img.pokemondb.net/artwork/large/rockruff.jpg
Lycanroc - Rock https://img.pokemondb.net/artwork/large/lycanroc-midday.jpg
Wishiwashi - Water https://img.pokemondb.net/artwork/large/wishiwashi-solo.jpg
Mareanie Toxapex Poison,Water https://img.pokemondb.net/artwork/large/mareanie.jpg
Toxapex - Poison,Water https://img.pokemondb.net/artwork/large/toxapex.jpg
Mudbray Mudsdale Ground https://img.pokemondb.net/artwork/large/mudbray.jpg
Mudsdale - Ground https://img.pokemondb.net/artwork/large/mudsdale.jpg
Dewpider Araquanid Water,Bug https://img.pokemondb.net/artwork/large/dewpider.jpg
Araquanid - Water,Bug https://img.pokemondb.net/artwork/large/araquanid.jpg
Fomantis Lurantis Grass https://img.pokemondb.net/artwork/large/fomantis.jpg
Lurantis - Grass https://img.pokemondb.net/artwork/large/lurantis.jpg
Morelull Shiinotic Grass,Fairy https://img.pokemondb.net/artwork/large/morelull.jpg
Shiinotic - Grass,Fairy https://img.pokemondb.net/artwork/large/shiinotic.jpg
Salandit Salazzle Poison,Fire https://img.pokemondb.net/artwork/large/salandit.jpg
Salazzle - Poison,Fire https://img.pokemondb.net/artwork/large/salazzle.jpg
Stufful Bewear Normal,Fighting https://img.pokemondb.net/artwork/large/stufful.jpg
Bewear - Normal,Fighting https://img.pokemondb.net/artwork/large/bewear.jpg
Bounsweet Steenee Grass https://img.pokemondb.net/artwork/large/bounsweet.jpg
Steenee Tsareena Grass https://img.pokemondb.net/artwork/large/steenee.jpg
Tsareena - Grass https://img.pokemondb.net/artwork/large/tsareena.jpg
Comfey - Fairy https://img.pokemondb.net/artwork/large/comfey.jpg
Oranguru - Normal,Psychic https://img.pokemondb.net/artwork/large/oranguru.jpg
Passimian - Fighting https://img.pokemondb.net/artwork/large/passimian.jpg
Wimpod Golisopod Bug,Water https://img.pokemondb.net/artwork/large/wimpod.jpg
Golisopod - Bug,Water https://img.pokemondb.net/artwork/large/golisopod.jpg
Sandygast Palossand Ghost,Ground https://img.pokemondb.net/artwork/large/sandygast.jpg
Palossand - Ghost,Ground https://img.pokemondb.net/artwork/large/palossand.jpg
Pyukumuku - Water https://img.pokemondb.net/artwork/large/pyukumuku.jpg
Type:_Null Silvally Normal https://img.pokemondb.net/artwork/large/type-null.jpg
Silvally - Normal https://img.pokemondb.net/artwork/large/silvally.jpg
Minior - Rock,Flying https://img.pokemondb.net/artwork/large/minior.jpg
Komala - Normal https://img.pokemondb.net/artwork/large/komala.jpg
Turtonator - Fire,Dragon https://img.pokemondb.net/artwork/large/turtonator.jpg
Togedemaru - Electric,Steel https://img.pokemondb.net/artwork/large/togedemaru.jpg
Mimikyu - Ghost,Fairy https://img.pokemondb.net/artwork/large/mimikyu.jpg
Bruxish - Water,Psychic https://img.pokemondb.net/artwork/large/bruxish.jpg
Drampa - Normal,Dragon https://img.pokemondb.net/artwork/large/drampa.jpg
Dhelmise - Ghost,Grass https://img.pokemondb.net/artwork/large/dhelmise.jpg
Jangmo-o Hakamo-o Dragon https://img.pokemondb.net/artwork/large/jangmo-o.jpg
Hakamo-o Kommo-o Dragon,Fighting https://img.pokemondb.net/artwork/large/hakamo-o.jpg
Kommo-o - Dragon,Fighting https://img.pokemondb.net/artwork/large/kommo-o.jpg
Tapu_Koko - Electric,Fairy https://img.pokemondb.net/artwork/large/tapu-koko.jpg
Tapu_Lele - Psychic,Fairy https://img.pokemondb.net/artwork/large/tapu-lele.jpg
Tapu_Bulu - Grass,Fairy https://img.pokemondb.net/artwork/large/tapu-bulu.jpg
Tapu_Fini - Water,Fairy https://img.pokemondb.net/artwork/large/tapu-fini.jpg
Cosmog Cosmoem Psychic https://img.pokemondb.net/artwork/large/cosmog.jpg
Cosmoem Solgaleo/Lunala Psychic https://img.pokemondb.net/artwork/large/cosmoem.jpg
Solgaleo - Psychic,Steel https://img.pokemondb.net/artwork/large/solgaleo.jpg
Lunala - Psychic,Ghost https://img.pokemondb.net/artwork/large/lunala.jpg
Nihilego - Rock,Poison https://img.pokemondb.net/artwork/large/nihilego.jpg
Buzzwole - Bug,Fighting https://img.pokemondb.net/artwork/large/buzzwole.jpg
Pheromosa - Bug,Fighting https://img.pokemondb.net/artwork/large/pheromosa.jpg
Xurkitree - Electric https://img.pokemondb.net/artwork/large/xurkitree.jpg
Celesteela - Steel,Flying https://img.pokemondb.net/artwork/large/celesteela.jpg
Kartana - Grass,Steel https://img.pokemondb.net/artwork/large/kartana.jpg
Guzzlord - Dark,Dragon https://img.pokemondb.net/artwork/large/guzzlord.jpg
Necrozma - Psychic https://img.pokemondb.net/artwork/large/necrozma.jpg
Magearna - Steel,Fairy https://img.pokemondb.net/artwork/large/magearna.jpg
Marshadow - Fighting,Ghost https://img.pokemondb.net/artwork/large/marshadow.jpg
Poipole Naganadel Poison https://img.pokemondb.net/artwork/large/poipole.jpg
Naganadel - Poison,Dragon https://img.pokemondb.net/artwork/large/naganadel.jpg
Stakataka - Rock,Steel https://img.pokemondb.net/artwork/large/stakataka.jpg
Blacephalon - Fire,Ghost https://img.pokemondb.net/artwork/large/blacephalon.jpg
Zeraora - Electric https://img.pokemondb.net/artwork/large/zeraora.jpg
Meltan Melmetal Steel https://img.pokemondb.net/artwork/large/meltan.jpg
Melmetal - Steel https://img.pokemondb.net/artwork/large/melmetal.jpg
Grookey Thwackey Grass https://img.pokemondb.net/artwork/large/grookey.jpg
Thwackey Rillaboom Grass https://img.pokemondb.net/artwork/large/thwackey.jpg
Rillaboom - Grass https://img.pokemondb.net/artwork/large/rillaboom.jpg
Scorbunny Raboot Fire https://img.pokemondb.net/artwork/large/scorbunny.jpg
Raboot Cinderace Fire https://img.pokemondb.net/artwork/large/raboot.jpg
Cinderace - Fire https://img.pokemondb.net/artwork/large/cinderace.jpg
Sobble Drizzile Water https://img.pokemondb.net/artwork/large/sobble.jpg
Drizzile Inteleon Water https://img.pokemondb.net/artwork/large/drizzile.jpg
Inteleon - Water https://img.pokemondb.net/artwork/large/inteleon.jpg
Skwovet Greedent Normal https://img.pokemondb.net/artwork/large/skwovet.jpg
Greedent - Normal https://img.pokemondb.net/artwork/large/greedent.jpg
Rookidee Corvisquire Flying https://img.pokemondb.net/artwork/large/rookidee.jpg
Corvisquire Corviknight Flying https://img.pokemondb.net/artwork/large/corvisquire.jpg
Corviknight - Flying,Steel https://img.pokemondb.net/artwork/large/corviknight.jpg
Blipbug Dottler Bug https://img.pokemondb.net/artwork/large/blipbug.jpg
Dottler Orbeetle Bug,Psychic https://img.pokemondb.net/artwork/large/dottler.jpg
Orbeetle - Bug,Psychic https://img.pokemondb.net/artwork/large/orbeetle.jpg
Nickit Thievul Dark https://img.pokemondb.net/artwork/large/nickit.jpg
Thievul - Dark https://img.pokemondb.net/artwork/large/thievul.jpg
Gossifleur Eldegoss Grass https://img.pokemondb.net/artwork/large/gossifleur.jpg
Eldegoss - Grass https://img.pokemondb.net/artwork/large/eldegoss.jpg
Wooloo Dubwool Normal https://img.pokemondb.net/artwork/large/wooloo.jpg
Dubwool - Normal https://img.pokemondb.net/artwork/large/dubwool.jpg
Chewtle Drednaw Water https://img.pokemondb.net/artwork/large/chewtle.jpg
Drednaw - Water,Rock https://img.pokemondb.net/artwork/large/drednaw.jpg
Yamper Boltund Electric https://img.pokemondb.net/artwork/large/yamper.jpg
Boltund - Electric https://img.pokemondb.net/artwork/large/boltund.jpg
Rolycoly Carkol Rock https://img.pokemondb.net/artwork/large/rolycoly.jpg
Carkol Coalossal Rock,Fire https://img.pokemondb.net/artwork/large/carkol.jpg
Coalossal - Rock,Fire https://img.pokemondb.net/artwork/large/coalossal.jpg
Applin Flapple/Appletun Grass,Dragon https://img.pokemondb.net/artwork/large/applin.jpg
Flapple - Grass,Dragon https://img.pokemondb.net/artwork/large/flapple.jpg
Appletun - Grass,Dragon https://img.pokemondb.net/artwork/large/appletun.jpg
Silicobra Sandaconda Ground https://img.pokemondb.net/artwork/large/silicobra.jpg
Sandaconda - Ground https://img.pokemondb.net/artwork/large/sandaconda.jpg
Cramorant - Flying,Water https://img.pokemondb.net/artwork/large/cramorant.jpg
Arrokuda Barraskewda Water https://img.pokemondb.net/artwork/large/arrokuda.jpg
Barraskewda - Water https://img.pokemondb.net/artwork/large/barraskewda.jpg
Toxel Toxtricity Electric,Poison https://img.pokemondb.net/artwork/large/toxel.jpg
Toxtricity - Electric,Poison https://img.pokemondb.net/artwork/large/toxtricity.jpg
Sizzlipede Centiskorch Fire,Bug https://img.pokemondb.net/artwork/large/sizzlipede.jpg
Centiskorch - Fire,Bug https://img.pokemondb.net/artwork/large/centiskorch.jpg
Clobbopus Grapploct Fighting https://img.pokemondb.net/artwork/large/clobbopus.jpg
Grapploct - Fighting https://img.pokemondb.net/artwork/large/grapploct.jpg
Sinistea Polteageist Ghost https://img.pokemondb.net/artwork/large/sinistea.jpg
Polteageist - Ghost https://img.pokemondb.net/artwork/large/polteageist.jpg
Hatenna Hattrem Psychic https://img.pokemondb.net/artwork/large/hatenna.jpg
Hattrem Hatterene Psychic https://img.pokemondb.net/artwork/large/hattrem.jpg
Hatterene - Psychic,Fairy https://img.pokemondb.net/artwork/large/hatterene.jpg
Impidimp Morgrem Dark,Fairy https://img.pokemondb.net/artwork/large/impidimp.jpg
Morgrem Grimmsnarl Dark,Fairy https://img.pokemondb.net/artwork/large/morgrem.jpg
Grimmsnarl - Dark,Fairy https://img.pokemondb.net/artwork/large/grimmsnarl.jpg
Obstagoon - Dark,Normal https://img.pokemondb.net/artwork/large/obstagoon.jpg
Perrserker - Steel https://img.pokemondb.net/artwork/large/perrserker.jpg
Cursola - Ghost https://img.pokemondb.net/artwork/large/cursola.jpg
Sirfetch'd - Fighting https://img.pokemondb.net/artwork/large/sirfetchd.jpg
Mr._Rime - Ice,Psychic https://img.pokemondb.net/artwork/large/mr-rime.jpg
Runerigus - Ground,Ghost https://img.pokemondb.net/artwork/large/runerigus.jpg
Milcery Alcremie Fairy https://img.pokemondb.net/artwork/large/milcery.jpg
Alcremie - Fairy https://img.pokemondb.net/artwork/large/alcremie.jpg
Falinks - Fighting https://img.pokemondb.net/artwork/large/falinks.jpg
Pincurchin - Electric https://img.pokemondb.net/artwork/large/pincurchin.jpg
Snom Frosmoth Ice,Bug https://img.pokemondb.net/artwork/large/snom.jpg
Frosmoth - Ice,Bug https://img.pokemondb.net/artwork/large/frosmoth.jpg
Stonjourner - Rock https://img.pokemondb.net/artwork/large/stonjourner.jpg
Eiscue - Ice https://img.pokemondb.net/artwork/large/eiscue-ice.jpg
Indeedee - Psychic,Normal https://img.pokemondb.net/artwork/large/indeedee.jpg
Morpeko - Electric,Dark https://img.pokemondb.net/artwork/large/morpeko-full-belly.jpg
Cufant Copperajah Steel https://img.pokemondb.net/artwork/large/cufant.jpg
Copperajah - Steel https://img.pokemondb.net/artwork/large/copperajah.jpg
Dracozolt - Electric,Dragon https://img.pokemondb.net/artwork/large/dracozolt.jpg
Arctozolt - Electric,Ice https://img.pokemondb.net/artwork/large/arctozolt.jpg
Dracovish - Water,Dragon https://img.pokemondb.net/artwork/large/dracovish.jpg
Arctovish - Water,Ice https://img.pokemondb.net/artwork/large/arctovish.jpg
Duraludon - Steel,Dragon https://img.pokemondb.net/artwork/large/duraludon.jpg
Dreepy Drakloak Dragon,Ghost https://img.pokemondb.net/artwork/large/dreepy.jpg
Drakloak Dragapult Dragon,Ghost https://img.pokemondb.net/artwork/large/drakloak.jpg
Dragapult - Dragon,Ghost https://img.pokemondb.net/artwork/large/dragapult.jpg
Zacian - Fairy https://img.pokemondb.net/artwork/large/zacian.jpg
Zamazenta - Fighting https://img.pokemondb.net/artwork/large/zamazenta.jpg
Eternatus - Poison,Dragon https://img.pokemondb.net/artwork/large/eternatus.jpg
Kubfu Urshifu Fighting https://img.pokemondb.net/artwork/large/kubfu.jpg
Urshifu - Fighting,Dark https://img.pokemondb.net/artwork/large/urshifu-single-strike.jpg
Zarude - Dark,Grass https://img.pokemondb.net/artwork/large/zarude.jpg
Regieleki - Electric https://img.pokemondb.net/artwork/large/regieleki.jpg
Regidrago - Dragon https://img.pokemondb.net/artwork/large/regidrago.jpg
Glastrier - Ice https://img.pokemondb.net/artwork/large/glastrier.jpg
Spectrier - Ghost https://img.pokemondb.net/artwork/large/spectrier.jpg
Calyrex - Psychic,Grass https://img.pokemondb.net/artwork/large/calyrex.jpg
Wyrdeer - Normal,Psychic https://img.pokemondb.net/artwork/large/wyrdeer.jpg
Kleavor - Bug,Rock https://img.pokemondb.net/artwork/large/kleavor.jpg
Ursaluna - Ground,Normal https://img.pokemondb.net/artwork/large/ursaluna.jpg
Basculegion - Water,Ghost https://img.pokemondb.net/artwork/large/basculegion.jpg
Sneasler - Fighting,Poison https://img.pokemondb.net/artwork/large/sneasler.jpg
Overqwil - Dark,Poison https://img.pokemondb.net/artwork/large/overqwil.jpg
Enamorus - Fairy,Flying https://img.pokemondb.net/artwork/large/enamorus-therian.jpg